"","AIC","R","SSB","Fbar"
"m1",4840.52213726958,0.820703378505875,0.190506203335664,-0.224709513434821
"m2",-1166.44347671496,5.11896900600829,-0.017390266969884,-0.0156709907596789
"m3",4101.17362508279,0.127137427475308,0.02914802747461,-0.00168345972507719
"m4",-1472.44120975607,0.347365053495641,0.0568763621555592,-0.046060315541227
