"","AIC","R","SSB","Fbar"
"m1",5111.97142945669,1.31251136859478,1.27440457208497,-0.532816562666322
"m2",4589.55201744394,1.15789985703973,1.70030268809721,-0.603944953665418
"m3",4137.29515585775,0.115763098525862,0.0644221574892747,-0.065880965302379
"m4",3989.90726586628,0.439964943574952,0.407104032219695,-0.28107823960346
