"","AIC","R","SSB","Fbar"
"m1",4846.52213728739,0.820706275335321,0.190506380493948,-0.224711915162563
"m2",-1172.71580324752,3.15894148880541,-0.0734601941603241,0.026606908848636
"m3",4107.11304425419,0.128719599459931,0.0303758287573869,-0.00296537161549207
"m4",-1466.85764757294,0.361000334304044,0.00908410549508099,-0.00281260535627782
