"","AIC","R","SSB","Fbar"
"m1",5546.11701064851,0.0740077431563672,0.282489560827206,-0.26677255606847
"m2",5274.41546696756,0.00405864006000416,0.322803057089631,-0.263392465709611
"m3",5317.54717732939,-0.117411871574752,0.165877796010608,-0.156797232563564
"m4",5155.57516502204,-0.11358697857417,0.267660374067965,-0.220056660433346
