"","AIC","R","SSB","Fbar"
"m1",5546.11701064851,0.0740077431563672,0.282489560827206,-0.26677255606847
"m2",-3257.34607797718,0.468769088069444,0.138461410027209,-0.126635034715313
"m3",5317.54717732939,-0.117411871574752,0.165877796010608,-0.156797232563564
"m4",-3578.97271880431,-0.271178639609554,0.0544192240202475,-0.0383017541958499
