"","AIC","R","SSB","Fbar"
"m1",5546.11701064851,0.0740059797873703,0.28248812083133,-0.266771843379651
"m2",-3257.34607797718,0.468768912734522,0.138461012932178,-0.126635330868331
"m3",5317.54717732939,-0.117415443470938,0.165876755448272,-0.156795271444444
"m4",-3578.97271880431,-0.27117932401274,0.0544201450405297,-0.0383025878847906
