"","log(L)","#par","AIC"
"M1",-1696.29977114711,23,3438.59954229423
