"","AIC","R","SSB","Fbar"
"m1",2186.07921530356,-0.0181465789253213,-0.00694862114267768,0.00152204294453153
"m2",-2037.66316725169,-0.00591297109306259,0.0200324197507698,-0.0312960729194229
"m3",2156.24095727591,-0.0373636000143269,-0.0217813502517213,0.0147403388105733
"m4",-2248.21681748813,-0.0623578856070619,-0.0227425838697299,0.0307190265834961
