"","AIC","R","SSB","Fbar"
"m1",2186.07921530356,-0.0181460757210022,-0.00694792323509363,0.00152184428815522
"m2",-2037.66316725169,-0.00589674430098976,0.0200345263743921,-0.0313009616514921
"m3",2156.24095727591,-0.0373634032671161,-0.021781916190428,0.0147404475173633
"m4",-2248.21681748813,-0.06235958257519,-0.0227457303712156,0.0307228507498782
