"","log(L)","#par","AIC"
"M1",-985.977795081832,17,2005.95559016366
