"","AIC","R","SSB","Fbar"
"m1",3903.38994994614,-0.23842129376576,-0.0243680229666998,0.144581493334616
"m2",3743.97876879632,-0.171262444262488,0.0736594852073211,0.0506107707915799
"m3",3681.62319549245,-0.0603439980713711,0.0124541059188245,0.109830742344719
"m4",3579.95008720715,-0.0358773580028953,0.0721153106156649,0.0417233296095652
