"","AIC","R","SSB","Fbar"
"m1",4125.244897864,-0.0728626839895412,0.202866773900797,-0.120610669946575
"m2",-1709.47743163286,-0.142550286502948,0.722476771537809,-0.333976520470106
"m3",3757.74475901904,0.00509725533890185,0.0889986750289401,-0.0614536699347658
"m4",-1893.37922327354,-0.134212032446382,0.282233033407279,-0.151660442170591
