"","AIC","R","SSB","Fbar"
"m1",4125.244897864,-0.0728617497295425,0.202864042620443,-0.12061037945677
"m2",-1709.47743163286,-0.1425511875283,0.722474022189383,-0.333975555344097
"m3",3757.74475901904,0.00509102311150064,0.0889918146608775,-0.0614475486264478
"m4",-1893.37922327354,-0.134217691770786,0.282227149099545,-0.151653554165154
