"","log(L)","#par","AIC"
"M1",-856.923896547587,23,1759.84779309517
