"","AIC","R","SSB","Fbar"
"m1",6147.47310220407,0.738754516869122,0.105663587638747,-0.0988408509181087
"m2",5180.074962514,0.514713876493024,0.266446654668255,-0.197077702348519
"m3",5647.41545540458,0.0233960960558574,0.0247993945394244,-0.012980008285073
"m4",4920.68888441636,0.277830688275005,0.21016941055551,-0.167138162630588
