"","AIC","R","SSB","Fbar"
"m1",6911.96025553546,-0.299809340494317,-0.0714328593659559,0.153500292623765
"m2",-1004.61907342328,-0.00803947465092121,0.0354658334841268,0.0151601410474555
"m3",5787.33825529286,0.0418254757492534,0.666275868723626,-0.359835379679438
"m4",-1374.12700922412,-0.098122130062544,-0.0210262670810554,0.0406997653944014
