"","AIC","R","SSB","Fbar"
"m1",2204.55576308027,-0.14637954378003,0.14747120476193,-0.124032079215608
"m2",2207.63394369248,-0.141151214923226,0.156497820099879,-0.132581962022668
"m3",2180.6472351374,-0.0457623020670136,0.151645437446867,-0.142237291355751
"m4",2180.86396840851,-0.0500519808554696,0.133104058509297,-0.127431769799777
