"","AIC","R","SSB","Fbar"
"m1",2204.55576308027,-0.14637954378003,0.14747120476193,-0.124032079215608
"m2",-2201.39742528242,-0.0376452425506096,0.216476253885053,-0.189761405776878
"m3",2180.6472351374,-0.0457623020670136,0.151645437446867,-0.142237291355751
"m4",-2331.19085928915,0.0350672882061821,0.11993214863022,-0.131906903193835
