"","AIC","R","SSB","Fbar"
"m1",2202.75628219543,-0.146125578053626,0.138689374659793,-0.1182039971582
"m2",-2203.37007036234,-0.0378361133899938,0.21653596446539,-0.189920342475416
"m3",2178.68084225854,-0.0452931347745274,0.143883502201711,-0.137111051472473
"m4",-2333.19085930811,0.0350664580425121,0.119931428426649,-0.131905785285412
