"","log(L)","#par","AIC"
"M1",-900.901290614503,23,1847.80258122901
