"","R0","B0","steep","Fmsy","MSY","Bmsy"
"1",5006966.55782895,1182618.23418255,0.813571348747442,0.755935560115347,157973.017723931,284618.198668277
