"","f.rho","ssb.rho","recr.rho","jan1b.rho","explb.rho","stockn.rho","Age.1","Age.2","Age.3","Age.4","Age.5","Age.6"
"peel.1",-0.297047139599223,0.242281498261558,0.803201277798109,0.256893215511052,0.216327175816181,0.340698045589085,0.803201277798109,0.326003951506052,0.063972908306188,0.19310155564763,0.235175431403713,0.246648994415208
"peel.2",-0.342769057852704,0.322479812003042,-0.283558362291563,0.139632278676877,0.290251456234511,-0.0463247821128536,-0.283558362291563,0.023391162492238,0.367618814851182,0.308374527877365,0.303482653604459,0.308437023290583
"peel.3",-0.351074704962536,0.46166258885228,-0.283334022216063,0.390992764307877,0.39589949435965,0.232960842180216,-0.283334022216063,0.641920385709786,0.459344014636948,0.184607093544161,0.422112215396263,0.439581041245867
"peel.4",-0.295832265718508,0.313057189030658,0.0985947613102677,0.265708629290704,0.314072784962703,0.202055980129592,0.0985947613102677,0.335524971929099,-0.0346004742244109,0.280436281158969,0.449915180766671,0.558642454459196
"peel.5",-0.488558643060929,0.622674700414654,1.10893149751369,0.615740390032434,0.622914385232172,0.690007996146795,1.10893149751369,-0.15079229739144,0.542008232105467,0.598957913993259,0.768970307104034,0.98760268534834
"Mohn.rho",-0.35505636223878,0.392431157712438,0.288767030422889,0.333793455563789,0.367893059321044,0.283879616386567,0.288767030422889,0.235209634849147,0.279668699135075,0.313095474444277,0.435931157655028,0.508182439751839
