"","AIC","R","SSB","Fbar"
"m1",4890.21576985143,0.357789754851416,0.367530351475036,-0.340443485693047
"m2",4293.33654004652,0.759991468713082,0.578612160749974,-0.393734450464242
"m3",4444.33978819999,0.0534420129142815,0.238879383420315,-0.248905297451561
"m4",4046.54328296964,0.302060353530222,0.448862777296269,-0.333926197832246
