"","AIC","R","SSB","Fbar"
"m1",4925.12504657905,0.378757881842184,0.440787678361565,-0.37650368063991
"m2",-1912.81087734901,0.298715708309907,0.347490360125407,-0.342537958291695
"m3",4448.98291155604,0.0611747412343007,0.249285868345571,-0.247104794810788
"m4",-2221.4006043129,0.0999022183233422,0.263910704022546,-0.282539774848506
