"","AIC","R","SSB","Fbar"
"m1",4925.12504657905,0.378756071741995,0.440785376978422,-0.376502108377395
"m2",-1912.81087734901,0.298722839957544,0.347489435836755,-0.342537207983304
"m3",4448.98291155604,0.0611772756450117,0.249288674573316,-0.247106191721594
"m4",-2221.4006043129,0.099904325449276,0.263911946301543,-0.28254098715467
