"","AIC","R","SSB","Fbar"
"m1",3092.67023812881,0.323145498364782,0.296581242380156,-0.264198782251485
"m2",-2123.62846917707,0.245958530967335,0.413872899680062,-0.333601555863424
"m3",2939.00709012306,0.136785744479672,0.149341535286125,-0.14899427499227
"m4",-2196.9132287297,0.143237163475421,0.402686544785767,-0.310538654917834
