"","AIC","R","SSB","Fbar"
"m1",3209.49658510655,0.515134989860599,0.645153217166122,-0.454137815377712
"m2",3282.59620205482,0.671484451577235,0.821521446667726,-0.513069167379822
"m3",3034.51989319764,0.139954245697922,0.172269738328367,-0.197815403077316
"m4",3021.24640145278,0.0729228917548447,0.0854844684065934,-0.116195187174095
