"","AIC","R","SSB","Fbar"
"m1",3092.67023812881,0.323145063926278,0.296580142668081,-0.264198326378124
"m2",-2123.62846917707,0.245957806920734,0.413872632151492,-0.333601342655722
"m3",2939.00709012306,0.136786061921457,0.149341286099295,-0.148993969773981
"m4",-2196.9132287297,0.143237652223594,0.402687108634409,-0.310538717647074
