"","AIC","R","SSB","Fbar"
"m1",5106.04966166354,0.05362295567517,1.78574654984091,-0.685593669499011
"m2",-1055.46619229366,0.204288679326669,0.230516205340189,-0.151944964853238
"m3",4025.96334198821,-0.188518350028846,-0.024888488437915,-0.0198153864358449
"m4",-1645.76388324174,-0.0915042032107978,-0.0211431011215714,-0.0356602603568067
