"","AIC","R","SSB","Fbar"
"m1",5106.04966166354,0.0536219844582888,1.78574012723045,-0.6855930365756
"m2",-1055.46619229366,0.204291451321758,0.230517347232612,-0.151946479566559
"m3",4025.96334198821,-0.188519427894615,-0.0248893647610432,-0.0198150188452356
"m4",-1645.76388324174,-0.0915031230007273,-0.0211423617919195,-0.0356612136336175
