"","AIC","R","SSB","Fbar"
"m1",10001.8160213476,-0.136640846260067,-0.116948517669569,0.253173642318695
"m2",8962.51730222803,0.194970148116566,-0.02617397015265,0.0848946150867896
"m3",8484.5929108748,-0.0906493829099118,-0.0418117340639205,0.160141162374733
"m4",7911.4280248513,-0.25948694881789,-0.165285357000548,0.80162014982144
