"","AIC","R","SSB","Fbar"
"m1",10001.8160213476,-0.136638889518432,-0.116948152673699,0.253167250984418
"m2",-1400.01396669863,-0.233302737674532,0.17574186044308,-0.153674472081945
"m3",8484.5929108748,-0.0906602454546508,-0.0418124561436199,0.160147390783938
"m4",-1736.12381509417,-0.161849807304927,0.016327920763103,0.358471916979469
