"","AIC","R","SSB","Fbar"
"m1",10001.8160213476,-0.136638709408648,-0.116947278160902,0.253167161977035
"m2",-1400.01396669863,0.128570843252837,0.594226043928881,-0.354242988045973
"m3",8484.5929108748,-0.0906602454546508,-0.0418124561436199,0.160147390783938
"m4",-1736.12381509417,-0.161849807304927,0.016327920763103,0.358471916979469
