"","AIC","R","SSB","Fbar"
"m1",8225.21698356045,0.489020975178242,-0.096377259601954,0.127044054264633
"m2",-5342.67782777644,0.890953364383278,0.369993319263176,-0.32532656476746
"m3",7081.04204585071,0.154140554612913,-0.00512151555737238,-0.0479185150959324
"m4",-5682.59255968939,0.656440301655375,0.152906415684632,-0.151546408297652
