"","AIC","R","SSB","Fbar"
"m1",7427.76971210257,0.537011316959181,-0.117922865408999,0.172609547828103
"m2",6984.57940741524,0.38632076610427,-0.196403895545855,0.273218786428575
"m3",6349.04568137195,0.246609796331448,-0.0148002216775766,0.0334909018183933
"m4",6234.19874943159,0.291373185328631,0.0199055748704315,-0.00851539156927969
