"","AIC","R","SSB","Fbar"
"m1",8225.21698356045,0.489025958169861,-0.0963763394993548,0.127041571937607
"m2",-5342.67782777644,0.890957690804052,0.369994195212623,-0.325327861656887
"m3",7081.04204585071,0.154153585055491,-0.00512345014026324,-0.0479154330723741
"m4",-5682.59255968939,0.65702435122143,0.152963121388291,-0.151554578044639
