"","log(L)","#par","AIC"
"M1",-1272.32928630797,30,2604.65857261594
