"","AIC","R","SSB","Fbar"
"m1",4633.68206890141,2.60976563734351,1.08977362703068,-0.565631868563585
"m2",-1893.65064030397,1.92129591543667,0.821871408317048,-0.484027311505213
"m3",4174.43804962506,0.303194641006676,0.131121447355445,-0.122257311101
"m4",-2329.54121326058,0.303751997187249,0.107545146616388,-0.098827157435689
