"","AIC","R","SSB","Fbar"
"m1",4633.68206890141,2.60976911214266,1.08977644007637,-0.564729169820118
"m2",-1893.65064030397,1.92129766373986,0.821871546471261,-0.479744843459176
"m3",4174.43804962506,0.303196606404792,0.131122772408258,-0.123433695867748
"m4",-2329.54121326058,0.303751454501454,0.107545729518073,-0.103440008363239
