"","AIC","R","SSB","Fbar"
"m1",6716.58148943214,-0.287367617157507,-0.257835974558902,0.367294167692485
"m2",6006.6013078672,-0.373541152501382,-0.332747826405542,0.553326517652645
"m3",5519.48355604637,-0.239615504361837,-0.0935636248775318,0.0909918230066535
"m4",5302.38856875676,-0.355953799888236,-0.296095264089343,0.436739976402762
