"","AIC","R","SSB","Fbar"
"m1",6728.45708318402,-0.30739228057926,-0.227902370911502,0.301095759090721
"m2",-1729.9560336416,2.16931041867158,-0.102540981336033,0.0669446041387329
"m3",5556.9160073163,-0.24499343624211,-0.101207915900331,0.10528555837736
"m4",-1983.94180317647,-0.0296689063448813,-0.114186672000499,0.165849196140937
