"","AIC","R","SSB","Fbar"
"m1",6728.45708318402,-0.30739372017831,-0.227903613770493,0.301096058749591
"m2",-1729.9560336416,2.16930950431069,-0.102540771876184,0.0669440436049014
"m3",5556.9160073163,-0.244993954203724,-0.101206996290031,0.105285679413204
"m4",-1983.94180317647,-0.029667840689929,-0.114186722767675,0.165847386828653
